CODE_N,COMMUNE,BVQ_N,POPSDC99,LOG,LOGVAC,stratlog
31014,ARGUENOS,31020,57.00,94.00,1.00,1
31131,CAZAUNOUS,31020,47.00,56.00,4.00,1
31348,MONCAUP,31020,26.00,57.00,2.00,1
31447,RAZECUEILLE,31020,37.00,89.00,6.00,1
31140,CHEIN-DESSUS,31020,184.00,174.00,28.00,2
31174,ESTADENS,31020,425.00,274.00,1.00,2
31245,JUZET-D'IZAU,31020,193.00,153.00,6.00,2
31342,MILHAS,31020,140.00,150.00,10.00,2
31544,SENGOUAGNET,31020,220.00,239.00,15.00,2
31020,ASPET,31020,923.00,684.00,90.00,3
31039,BACHAS,31028,75.00,42.00,2.00,1
31063,BENQUE,31028,154.00,72.00,5.00,1
31086,BOUZIN,31028,69.00,35.00,5.00,1
31134,CAZENEUVE-MO,31028,54.00,33.00,2.00,1
31168,EOUX,31028,121.00,58.00,7.00,1
31172,ESPARRON,31028,36.00,29.00,5.00,1
31386,MONTOULIEU-S,31028,153.00,73.00,6.00,1
31414,PEYRISSAS,31028,82.00,42.00,5.00,1
31415,PEYROUZET,31028,79.00,35.00,1.00,1
31477,SAINT-ELIX-S,31028,47.00,29.00,7.00,1
31529,SAMOUILLAN,31028,108.00,56.00,3.00,1
31198,LE FRECHET,31028,103.00,48.00,4.00,1
31005,ALAN,31028,299.00,163.00,9.00,2
31083,BOUSSAN,31028,190.00,121.00,16.00,2
31109,CASSAGNABERE,31028,389.00,226.00,25.00,2
31468,SAINT-ANDRE,31028,180.00,103.00,6.00,2
31028,AURIGNAC,31028,980.00,539.00,35.00,3
31027,AURIBAIL,31033,162.00,69.00,4.00,1
31256,LABRUYERE-DO,31033,143.00,57.00,4.00,1
31002,AIGNES,31033,193.00,99.00,7.00,1
31319,MARLIAC,31033,108.00,49.00,4.00,1
31171,ESPANES,31033,232.00,95.00,2.00,1
31332,MAUVAISIN,31033,252.00,91.00,8.00,1
31264,LAGRACE-DIEU,31033,269.00,111.00,11.00,2
31330,MAURESSAC,31033,240.00,102.00,5.00,2
31442,PUYDANIEL,31033,318.00,139.00,17.00,2
31148,CLERMONT-LE-,31033,464.00,185.00,7.00,2
31128,CAUJAC,31033,437.00,201.00,10.00,2
31173,ESPERCE,31033,210.00,105.00,6.00,2
31231,GRAZAC,31033,442.00,169.00,7.00,2
31240,ISSUS,31033,291.00,109.00,6.00,2
31024,AURAGNE,31033,310.00,129.00,8.00,2
31052,BEAUMONT-SUR,31033,1414.00,563.00,20.00,3
31233,GREPIAC,31033,791.00,318.00,16.00,3
31345,MIREMONT,31033,1445.00,579.00,30.00,3
31572,VENERQUE,31033,2328.00,968.00,43.00,3
31574,VERNET,31033,1895.00,764.00,52.00,3
31206,GAILLAC-TOUL,31033,910.00,368.00,26.00,3
31033,AUTERIVE,31033,6531.00,2777.00,126.00,4
31145,CINTEGABELLE,31033,2341.00,1079.00,86.00,4
31010,ANTIGNAC,31042,100.00,76.00,0.00,1
31019,ARTIGUE,31042,34.00,34.00,0.00,1
31064,BENQUE-DESSO,31042,19.00,40.00,1.00,1
31068,BILLIERE,31042,25.00,25.00,2.00,1
31081,BOURG-D'OUEI,31042,10.00,30.00,0.00,1
31123,CASTILLON-DE,31042,83.00,84.00,7.00,1
31125,CATHERVIELLE,31042,30.00,51.00,4.00,1
31127,CAUBOUS,31042,12.00,16.00,0.00,1
31129,CAZARIL-LASP,31042,19.00,26.00,0.00,1
31133,CAZEAUX-DE-L,31042,81.00,90.00,6.00,1
31146,CIRES,31042,8.00,39.00,7.00,1
31222,GOUAUX-DE-LU,31042,44.00,60.00,0.00,1
31242,JURVIELLE,31042,15.00,27.00,3.00,1
31335,MAYREGNE,31042,33.00,56.00,0.00,1
31394,MOUSTAJON,31042,180.00,91.00,2.00,1
31404,OO,31042,108.00,98.00,0.00,1
31432,PORTET-DE-LU,31042,32.00,31.00,1.00,1
31434,POUBEAU,31042,53.00,73.00,1.00,1
31465,SACCOURVIELL,31042,14.00,28.00,0.00,1
31508,SAINT-PAUL-D,31042,49.00,68.00,2.00,1
31524,SALLES-ET-PR,31042,119.00,84.00,6.00,1
31549,SODE,31042,19.00,20.00,3.00,1
31559,TREBONS-DE-L,31042,10.00,12.00,0.00,1
31046,BAREN,31042,8.00,13.00,1.00,1
31132,CAZAUX-LAYRI,31042,86.00,49.00,2.00,1
31290,LEGE,31042,39.00,44.00,1.00,1
31142,CIER-DE-LUCH,31042,222.00,172.00,8.00,2
31213,GARIN,31042,102.00,139.00,10.00,2
31221,GOUAUX-DE-LA,31042,65.00,216.00,1.00,2
31244,JUZET-DE-LUC,31042,379.00,233.00,13.00,2
31360,MONTAUBAN-DE,31042,481.00,316.00,10.00,3
31470,SAINT-AVENTI,31042,95.00,461.00,10.00,3
31500,SAINT-MAMET,31042,499.00,601.00,59.00,3
31042,BAGNERES-DE-,31042,2900.00,4490.00,350.00,4
31352,MONDOUZIL,31044,218.00,80.00,0.00,1
31003,AIGREFEUILLE,31044,577.00,179.00,1.00,2
31418,PIN-BALMA,31044,655.00,225.00,9.00,2
31163,DREMIL-LAFAG,31044,2580.00,862.00,17.00,3
31184,FLOURENS,31044,1793.00,583.00,10.00,3
31355,MONS,31044,1085.00,349.00,6.00,3
31445,QUINT-FONSEG,31044,4478.00,1763.00,59.00,4
31121,CASTERA-VIGN,31080,54.00,27.00,3.00,1
31141,CIADOUX,31080,186.00,87.00,9.00,1
31218,GENSAC-DE-BO,31080,141.00,66.00,8.00,1
31295,LESPUGUE,31080,83.00,45.00,3.00,1
31307,LUNAX,31080,56.00,29.00,2.00,1
31350,MONDILHAN,31080,80.00,60.00,5.00,1
31378,MONTGAILLARD,31080,66.00,32.00,2.00,1
31397,NENIGAN,31080,55.00,23.00,2.00,1
31398,NIZAN-GESSE,31080,84.00,52.00,6.00,1
31412,PEGUILHAN,31080,221.00,93.00,3.00,1
31479,SAINT-FERREO,31080,53.00,31.00,7.00,1
31498,SAINT-LOUP-E,31080,40.00,31.00,1.00,1
31510,SAINT-PE-DEL,31080,121.00,53.00,4.00,1
31528,SAMAN,31080,142.00,58.00,7.00,1
31531,SARRECAVE,31080,61.00,43.00,8.00,1
31532,SARREMEZAN,31080,69.00,34.00,6.00,1
31043,BALESTA,31080,149.00,80.00,4.00,1
31070,BLAJAN,31080,437.00,244.00,6.00,2
31138,CHARLAS,31080,189.00,109.00,12.00,2
31170,ESCANECRABE,31080,240.00,117.00,8.00,2
31385,MONTMAURIN,31080,198.00,121.00,5.00,2
31080,BOULOGNE-SUR,31080,1433.00,703.00,49.00,3
31061,BELLEGARDE-S,31098,176.00,75.00,4.00,1
31096,CABANAC-SEGU,31098,128.00,66.00,10.00,1
31126,CAUBIAC,31098,193.00,92.00,4.00,1
31164,DRUDAS,31098,172.00,93.00,14.00,1
31209,GARAC,31098,157.00,66.00,5.00,1
31265,LAGRAULET-SA,31098,145.00,93.00,15.00,1
31275,LAREOLE,31098,122.00,61.00,0.00,1
31444,PUYSSEGUR,31098,70.00,42.00,1.00,1
31577,VIGNAUX,31098,100.00,50.00,6.00,1
31090,BRIGNEMONT,31098,317.00,150.00,10.00,2
31156,COX,31098,267.00,156.00,11.00,2
31234,LE GRES,31098,223.00,111.00,8.00,2
31413,PELLEPORT,31098,344.00,159.00,6.00,2
31098,CADOURS,31098,696.00,336.00,29.00,3
31006,ALBIAC,31106,159.00,60.00,3.00,1
31055,BEAUVILLE,31106,106.00,50.00,8.00,1
31102,CAMBIAC,31106,170.00,79.00,8.00,1
31105,CARAGOUDES,31106,213.00,90.00,8.00,1
31194,FRANCARVILLE,31106,154.00,65.00,8.00,1
31325,MASCARVILLE,31106,139.00,54.00,0.00,1
31392,MOURVILLES-B,31106,60.00,28.00,3.00,1
31441,PRUNET,31106,134.00,53.00,0.00,1
31527,LA SALVETAT-,31106,97.00,42.00,2.00,1
31534,SAUSSENS,31106,144.00,59.00,9.00,1
31540,SEGREVILLE,31106,143.00,62.00,5.00,1
31558,TOUTENS,31106,143.00,62.00,2.00,1
31571,VENDINE,31106,169.00,71.00,2.00,1
31029,AURIN,31106,245.00,93.00,4.00,1
31179,LE FAGET,31106,279.00,148.00,20.00,2
31304,LOUBENS-LAUR,31106,324.00,149.00,11.00,2
31331,MAUREVILLE,31106,266.00,105.00,8.00,2
31439,PRESERVILLE,31106,359.00,142.00,4.00,2
31512,SAINT-PIERRE,31106,377.00,154.00,12.00,2
31551,TARABEL,31106,373.00,134.00,6.00,2
31567,VALLESVILLES,31106,291.00,119.00,4.00,2
31026,AURIAC-SUR-V,31106,958.00,446.00,33.00,3
31106,CARAMAN,31106,1944.00,871.00,72.00,3
31082,BOURG-SAINT-,31106,772.00,327.00,19.00,3
31271,LANTA,31106,1175.00,515.00,32.00,3
31480,SAINTE-FOY-D,31106,1631.00,510.00,10.00,3
31379,MONTGAZIN,31107,151.00,67.00,10.00,1
31258,LACAUGNE,31107,168.00,70.00,1.00,1
31312,MAILHOLAS,31107,38.00,16.00,2.00,1
31071,BOIS-DE-LA-P,31107,313.00,110.00,5.00,2
31104,CAPENS,31107,285.00,128.00,10.00,2
31334,MAUZAC,31107,682.00,275.00,12.00,2
31361,MONTAUT,31107,440.00,183.00,18.00,2
31416,PEYSSIES,31107,364.00,154.00,5.00,2
31261,LAFITTE-VIGO,31107,654.00,268.00,11.00,2
31476,SAINT-ELIX-L,31107,542.00,247.00,18.00,2
31280,LATRAPE,31107,297.00,173.00,31.00,2
31525,SALLES-SUR-G,31107,301.00,135.00,5.00,2
31303,LONGAGES,31107,1899.00,761.00,36.00,3
31320,MARQUEFAVE,31107,850.00,365.00,20.00,3
31399,NOE,31107,2066.00,856.00,35.00,3
31517,SAINT-SULPIC,31107,1639.00,750.00,46.00,3
31455,RIEUX,31107,1899.00,949.00,77.00,3
31107,CARBONNE,31107,3692.00,1751.00,147.00,4
31340,MERVILLA,31113,172.00,66.00,3.00,1
31411,PECHBUSQUE,31113,707.00,252.00,12.00,2
31448,REBIGUE,31113,444.00,154.00,3.00,2
31151,CORRONSAC,31113,448.00,161.00,3.00,2
31161,DEYME,31113,835.00,281.00,2.00,2
31035,AUZEVILLE-TO,31113,2202.00,802.00,19.00,3
31409,PECHABOU,31113,1299.00,453.00,12.00,3
31578,VIGOULET-AUZ,31113,990.00,361.00,19.00,3
31057,BELBERAUD,31113,1124.00,335.00,5.00,3
31429,POMPERTUZAT,31113,1208.00,431.00,21.00,3
31254,LABEGE,31113,3152.00,1646.00,168.00,4
31169,ESCALQUENS,31113,5477.00,1892.00,35.00,4
31552,TERREBASSE,31135,121.00,65.00,0.00,1
31196,FRANCON,31135,168.00,75.00,3.00,1
31292,LESCUNS,31135,42.00,27.00,2.00,1
31318,MARIGNAC-LAS,31135,111.00,64.00,0.00,1
31327,MAURAN,31135,119.00,77.00,3.00,1
31367,MONTCLAR-DE-,31135,69.00,39.00,8.00,1
31422,PLAGNE,31135,88.00,45.00,1.00,1
31530,SANA,31135,175.00,65.00,2.00,1
31474,SAINT-CHRIST,31135,229.00,99.00,6.00,1
31153,COULADERE,31135,351.00,207.00,14.00,2
31349,MONDAVEZAN,31135,643.00,292.00,14.00,2
31362,MONTBERAUD,31135,166.00,102.00,17.00,2
31425,LE PLAN,31135,315.00,210.00,8.00,2
31505,SAINT-MICHEL,31135,232.00,148.00,20.00,2
31219,GENSAC-SUR-G,31135,264.00,142.00,11.00,2
31286,LAVELANET-DE,31135,483.00,231.00,27.00,2
31492,SAINT-JULIEN,31135,342.00,180.00,21.00,2
31084,BOUSSENS,31135,833.00,409.00,26.00,3
31324,MARTRES-TOLO,31135,1687.00,879.00,105.00,3
31406,PALAMINY,31135,629.00,314.00,37.00,3
31135,CAZERES,31135,3260.00,1761.00,214.00,4
31040,BACHOS,31144,38.00,34.00,6.00,1
31235,GURAN,31144,45.00,65.00,7.00,1
31548,SIGNAC *,31144,58.00,56.00,4.00,1
31590,BINOS,31144,18.00,22.00,4.00,1
31092,BURGALAYS,31144,115.00,107.00,8.00,2
31144,CIERP-GAUD *,31144,862.00,643.00,43.00,3
31119,CASTELNAU-PI,31193,165.00,88.00,0.00,1
31122,CASTIES-LABR,31193,97.00,41.00,0.00,1
31204,FUSTIGNAC,31193,54.00,26.00,1.00,1
31309,LUSSAN-ADEIL,31193,191.00,99.00,2.00,1
31370,MONTEGUT-BOU,31193,108.00,49.00,5.00,1
31387,MONTOUSSIN,31193,90.00,50.00,7.00,1
31428,POLASTRON,31193,64.00,25.00,0.00,1
31469,SAINT-ARAILL,31193,125.00,51.00,1.00,1
31543,SENARENS,31193,101.00,36.00,0.00,1
31229,GRATENS,31193,445.00,213.00,13.00,2
31317,MARIGNAC-LAS,31193,295.00,124.00,5.00,2
31436,POUY-DE-TOUG,31193,226.00,114.00,1.00,2
31193,LE FOUSSERET,31193,1434.00,681.00,46.00,3
31211,GARGAS,31202,520.00,189.00,2.00,2
31136,CEPET,31202,1315.00,399.00,13.00,3
31252,LABASTIDE-SA,31202,1329.00,490.00,13.00,3
31563,VACQUIERS,31202,1032.00,380.00,4.00,3
31581,VILLAUDRIC,31202,1115.00,438.00,27.00,3
31587,VILLENEUVE-L,31202,950.00,370.00,10.00,3
31079,BOULOC,31202,2925.00,1129.00,48.00,4
31202,FRONTON,31202,3891.00,1646.00,82.00,4
31062,BELLESSERRE,31232,50.00,17.00,1.00,1
31515,SAINT-RUSTIC,31232,425.00,169.00,6.00,2
31089,BRETX,31232,354.00,132.00,10.00,2
31093,LE BURGAUD,31232,484.00,212.00,23.00,2
31403,ONDES,31232,681.00,276.00,13.00,2
31473,SAINT-CEZERT,31232,413.00,118.00,10.00,2
31507,SAINT-PAUL-S,31232,659.00,270.00,24.00,2
31160,DAUX,31232,1253.00,528.00,43.00,3
31281,LAUNAC,31232,963.00,405.00,31.00,3
31356,MONTAIGUT-SU,31232,1201.00,455.00,18.00,3
31541,SEILH,31232,2086.00,956.00,99.00,3
31553,THIL,31232,831.00,319.00,6.00,3
31592,LARRA,31232,1131.00,417.00,13.00,3
31088,BRAX,31232,2017.00,692.00,20.00,3
31351,MONDONVILLE,31232,1900.00,708.00,23.00,3
31118,CASTELNAU-D',31232,2812.00,1137.00,74.00,4
31032,AUSSONNE,31232,4220.00,1593.00,45.00,4
31232,GRENADE,31232,5767.00,2423.00,124.00,4
31341,MERVILLE,31232,2796.00,1051.00,52.00,4
31291,LEGUEVIN,31232,6172.00,2203.00,91.00,4
31417,PIBRAC,31232,7440.00,2485.00,79.00,4
31056,BEAUZELLE,31232,5376.00,1878.00,33.00,4
31150,CORNEBARRIEU,31232,4694.00,1741.00,86.00,4
31001,AGASSAC,31239,121.00,65.00,9.00,1
31007,AMBAX,31239,72.00,37.00,4.00,1
31072,BOISSEDE,31239,71.00,41.00,1.00,1
31115,CASTELGAILLA,31239,67.00,36.00,4.00,1
31152,COUEILLES,31239,100.00,51.00,4.00,1
31201,FRONTIGNAN-S,31239,49.00,32.00,2.00,1
31223,GOUDEX,31239,43.00,19.00,1.00,1
31251,LABASTIDE-PA,31239,127.00,57.00,2.00,1
31301,LILHAC,31239,90.00,61.00,5.00,1
31322,MARTISSERRE,31239,53.00,37.00,7.00,1
31333,MAUVEZIN,31239,48.00,36.00,6.00,1
31343,MIRAMBEAU,31239,51.00,30.00,3.00,1
31347,MOLAS,31239,146.00,72.00,8.00,1
31373,MONTESQUIEU-,31239,123.00,66.00,6.00,1
31456,RIOLAS,31239,42.00,27.00,3.00,1
31522,SALERM,31239,55.00,41.00,2.00,1
31593,CAZAC,31239,81.00,40.00,3.00,1
31008,ANAN,31239,230.00,120.00,5.00,2
31178,FABAS,31239,214.00,119.00,14.00,2
31363,MONTBERNARD,31239,214.00,123.00,11.00,2
31443,PUYMAURIN,31239,297.00,175.00,26.00,2
31482,SAINT-FRAJOU,31239,173.00,111.00,10.00,2
31494,SAINT-LAUREN,31239,157.00,118.00,7.00,2
31239,L'ISLE-EN-DO,31239,1905.00,964.00,101.00,3
31216,GEMIL,31358,196.00,86.00,9.00,1
31579,VILLARIES,31358,592.00,212.00,6.00,2
31049,BAZUS,31358,532.00,197.00,3.00,2
31388,MONTPITOL,31358,332.00,134.00,8.00,2
31459,ROQUESERIERE,31358,615.00,248.00,13.00,2
31489,SAINT-JEAN-L,31358,303.00,108.00,1.00,2
31094,BUZET-SUR-TA,31358,1410.00,711.00,56.00,3
31212,GARIDECH,31358,954.00,353.00,9.00,3
31383,MONTJOIRE,31358,1018.00,408.00,9.00,3
31407,PAULHAC,31358,916.00,321.00,12.00,3
31228,GRAGNAGUE,31358,1437.00,482.00,4.00,3
31066,BESSIERES,31358,2222.00,1025.00,100.00,4
31358,MONTASTRUC-L,31358,2495.00,1003.00,41.00,4
31226,GOUZENS,31375,61.00,41.00,4.00,1
31267,LAHITERE,31375,38.00,36.00,2.00,1
31272,LAPEYRERE,31375,61.00,26.00,0.00,1
31279,LATOUR,31375,103.00,37.00,3.00,1
31047,BAX,31375,81.00,36.00,1.00,1
31225,GOUTEVERNISS,31375,77.00,45.00,8.00,1
31365,MONTBRUN-BOC,31375,373.00,262.00,29.00,2
31375,MONTESQUIEU-,31375,2314.00,1361.00,176.00,4
31058,BELBEZE-DE-L,31381,101.00,37.00,2.00,1
31437,POUZE,31381,89.00,37.00,5.00,1
31162,DONNEVILLE,31381,781.00,276.00,6.00,2
31366,MONTBRUN-LAU,31381,485.00,167.00,5.00,2
31381,MONTGISCARD,31381,1947.00,739.00,19.00,3
31542,SEILHAN,31390,187.00,99.00,7.00,1
31564,VALCABRERE,31390,139.00,81.00,6.00,1
31158,CUGURON,31390,176.00,80.00,3.00,1
31539,SEDEILHAC,31390,69.00,36.00,2.00,1
31238,HUOS,31390,450.00,223.00,26.00,2
31255,LABROQUERE,31390,269.00,193.00,24.00,2
31472,SAINT-BERTRA,31390,237.00,165.00,16.00,2
31031,AUSSON,31390,541.00,253.00,12.00,2
31076,BORDES-DE-RI,31390,359.00,171.00,13.00,2
31147,CLARAC,31390,508.00,191.00,7.00,2
31197,FRANQUEVIELL,31390,333.00,163.00,18.00,2
31430,PONLAT-TAILL,31390,457.00,203.00,10.00,2
31556,LES TOURREIL,31390,358.00,148.00,9.00,2
31224,GOURDAN-POLI,31390,1194.00,672.00,65.00,3
31390,MONTREJEAU,31390,2577.00,1486.00,271.00,4
31025,AUREVILLE,31395,540.00,198.00,4.00,2
31227,GOYRANS,31395,809.00,283.00,6.00,2
31486,SAINT-HILAIR,31395,708.00,257.00,7.00,2
31580,VILLATE,31395,588.00,216.00,8.00,2
31259,LACROIX-FALG,31395,1485.00,613.00,26.00,3
31181,LE FAUGA,31395,1099.00,448.00,31.00,3
31253,LABASTIDETTE,31395,1328.00,475.00,10.00,3
31263,LAGARDELLE-S,31395,2181.00,781.00,19.00,3
31287,LAVERNOSE-LA,31395,1943.00,742.00,45.00,3
31299,LHERM,31395,2558.00,925.00,38.00,3
31475,SAINT-CLAR-D,31395,872.00,352.00,16.00,3
31533,SAUBENS,31395,1299.00,512.00,21.00,3
31269,LAMASQUERE,31395,873.00,309.00,9.00,3
31165,EAUNES,31395,3389.00,1244.00,28.00,4
31203,FROUZINS,31395,5936.00,2091.00,55.00,4
31248,LABARTHE-SUR,31395,4632.00,1562.00,40.00,4
31420,PINSAGUEL,31395,2466.00,1008.00,41.00,4
31421,PINS-JUSTARE,31395,3915.00,1401.00,88.00,4
31458,ROQUES,31395,2988.00,1076.00,24.00,4
31460,ROQUETTES,31395,3285.00,1170.00,22.00,4
31547,SEYSSES,31395,5753.00,2184.00,94.00,4
31588,VILLENEUVE-T,31395,8252.00,3189.00,68.00,4
31433,PORTET-SUR-G,31395,8733.00,3473.00,149.00,4
31097,LE CABANIAL,31451,246.00,94.00,2.00,1
31060,BELESTA-EN-L,31451,84.00,49.00,4.00,1
31180,FALGA,31451,79.00,36.00,1.00,1
31400,NOGARET,31451,78.00,35.00,0.00,1
31463,ROUMENS,31451,202.00,76.00,7.00,1
31371,MONTEGUT-LAU,31451,360.00,129.00,1.00,2
31491,SAINT-JULIA,31451,333.00,196.00,29.00,2
31569,VAUDREUILLE,31451,261.00,112.00,3.00,2
31570,VAUX,31451,223.00,103.00,4.00,2
31478,SAINT-FELIX-,31451,1301.00,586.00,59.00,3
31451,REVEL,31451,7985.00,3894.00,226.00,4
31051,BEAUFORT,31454,247.00,89.00,0.00,1
31189,FORGUES,31454,152.00,72.00,5.00,1
31266,LAHAGE,31454,262.00,54.00,3.00,1
31353,MONES,31454,50.00,21.00,0.00,1
31359,MONTASTRUC-S,31454,76.00,27.00,1.00,1
31382,MONTGRAS,31454,46.00,29.00,6.00,1
31419,LE PIN-MUREL,31454,151.00,73.00,4.00,1
31464,SABONNERES,31454,218.00,98.00,1.00,1
31520,SAJAS,31454,82.00,48.00,4.00,1
31538,SAVERES,31454,156.00,84.00,16.00,1
31250,LABASTIDE-CL,31454,416.00,184.00,8.00,2
31283,LAUTIGNAC,31454,218.00,105.00,5.00,2
31423,PLAGNOLE,31454,271.00,100.00,7.00,2
31435,POUCHARRAMET,31454,680.00,288.00,9.00,2
31065,BERAT,31454,1407.00,558.00,41.00,3
31454,RIEUMES,31454,2601.00,1225.00,117.00,4
31015,ARGUT-DESSOU,31471,33.00,67.00,3.00,1
31067,BEZINS-GARRA,31471,39.00,64.00,0.00,1
31298,LEZ,31471,67.00,77.00,15.00,1
31017,ARLOS,31471,88.00,117.00,14.00,2
31177,EUP,31471,146.00,120.00,9.00,2
31337,MELLES,31471,104.00,195.00,13.00,2
31085,BOUTX,31471,259.00,617.00,27.00,3
31190,FOS,31471,272.00,401.00,56.00,3
31316,MARIGNAC,31471,505.00,354.00,10.00,3
31471,SAINT-BEAT,31471,364.00,453.00,55.00,3
31012,ARBON,31483,76.00,79.00,7.00,1
31095,CABANAC-CAZA,31483,108.00,65.00,4.00,1
31009,ANTICHAN-DE-,31483,84.00,77.00,3.00,1
31200,FRONTIGNAN-D,31483,73.00,57.00,1.00,1
31217,GENOS,31483,75.00,59.00,7.00,1
31308,LUSCAN,31483,54.00,38.00,1.00,1
31313,MALVEZIE,31483,112.00,97.00,9.00,1
31369,MONT-DE-GALI,31483,36.00,29.00,1.00,1
31405,ORE,31483,109.00,99.00,1.00,1
31408,PAYSSOUS,31483,80.00,59.00,2.00,1
31493,SAINT-LARY-B,31483,116.00,55.00,5.00,1
31305,LOUDET,31483,218.00,89.00,7.00,1
31021,ASPRET-SARRA,31483,97.00,50.00,5.00,1
31268,LALOURET-LAF,31483,108.00,55.00,4.00,1
31274,LARCAN,31483,156.00,80.00,5.00,1
31294,LESPITEAU,31483,68.00,43.00,6.00,1
31449,REGADES,31483,112.00,78.00,13.00,1
31452,RIEUCAZE,31483,37.00,32.00,4.00,1
31487,SAINT-IGNAN,31483,250.00,86.00,1.00,1
31536,SAUX-ET-POMA,31483,251.00,88.00,1.00,1
31537,SAVARTHES,31483,122.00,52.00,3.00,1
31034,AUZAS,31483,132.00,77.00,10.00,1
31260,LAFFITE-TOUP,31483,70.00,42.00,5.00,1
31440,PROUPIARY,31483,56.00,31.00,6.00,1
31504,SAINT-MEDARD,31483,235.00,98.00,2.00,1
31545,SEPX,31483,153.00,90.00,8.00,1
31155,COURET,31483,195.00,100.00,5.00,2
31208,GANTIES,31483,244.00,157.00,16.00,2
31241,IZAUT-DE-L'H,31483,306.00,157.00,9.00,2
31550,SOUEICH,31483,501.00,299.00,17.00,2
31023,AULON,31483,347.00,207.00,15.00,2
31278,LATOUE,31483,284.00,134.00,11.00,2
31013,ARDIEGE,31483,325.00,156.00,8.00,2
31045,BARBAZAN,31483,378.00,245.00,20.00,2
31143,CIER-DE-RIVI,31483,250.00,152.00,9.00,2
31306,LOURDE,31483,88.00,104.00,1.00,2
31323,MARTRES-DE-R,31483,307.00,136.00,8.00,2
31509,SAINT-PE-D'A,31483,114.00,146.00,8.00,2
31108,CARDEILHAC,31483,230.00,121.00,21.00,2
31276,LARROQUE,31483,335.00,159.00,9.00,2
31159,LE CUING,31483,351.00,156.00,11.00,2
31513,SAINT-PLANCA,31483,372.00,213.00,14.00,2
31139,CHAUM,31483,193.00,148.00,7.00,2
31176,ESTENOS,31483,167.00,132.00,6.00,2
31199,FRONSAC,31483,216.00,167.00,10.00,2
31175,ESTANCARBON,31483,530.00,230.00,11.00,2
31302,LODES,31483,255.00,102.00,2.00,2
31502,SAINT-MARCET,31483,393.00,167.00,8.00,2
31050,BEAUCHALOT,31483,390.00,177.00,17.00,2
31124,CASTILLON-DE,31483,259.00,125.00,11.00,2
31296,LESTELLE-DE-,31483,378.00,194.00,9.00,2
31314,MANCIOUX,31483,344.00,193.00,40.00,2
31372,MONTESPAN,31483,422.00,222.00,21.00,2
31167,ENCAUSSE-LES,31483,591.00,330.00,15.00,3
31426,POINTIS-DE-R,31483,792.00,304.00,21.00,3
31535,SAUVETERRE-D,31483,720.00,434.00,42.00,3
31246,LABARTHE-INA,31483,781.00,327.00,13.00,3
31247,LABARTHE-RIV,31483,1152.00,597.00,52.00,3
31270,LANDORTHE,31483,779.00,316.00,8.00,3
31344,MIRAMONT-DE-,31483,784.00,431.00,54.00,3
31427,POINTIS-INAR,31483,740.00,368.00,12.00,3
31565,VALENTINE,31483,894.00,459.00,53.00,3
31585,VILLENEUVE-D,31483,1360.00,614.00,26.00,3
31166,EMPEAUX,31499,163.00,83.00,0.00,1
31075,BONREPOS-SUR,31499,579.00,220.00,9.00,2
31087,BRAGAYRAC,31499,249.00,107.00,10.00,2
31101,CAMBERNARD,31499,340.00,137.00,4.00,2
31466,SAIGUEDE,31499,524.00,212.00,12.00,2
31518,SAINT-THOMAS,31499,472.00,201.00,18.00,2
31481,SAINTE-FOY-D,31499,1436.00,560.00,35.00,3
31526,LA SALVETAT-,31499,5779.00,1920.00,32.00,4
31187,FONSORBES,31499,6909.00,2390.00,83.00,4
31188,FONTENILLES,31499,2920.00,1049.00,43.00,4
31499,SAINT-LYS,31499,5455.00,1978.00,99.00,4
31236,HERRAN,31523,81.00,74.00,9.00,1
31018,ARNAUD-GUILH,31523,167.00,91.00,10.00,1
31030,AUSSEING,31523,61.00,32.00,5.00,1
31059,BELBEZE-EN-C,31523,116.00,73.00,12.00,1
31112,CASTAGNEDE,31523,185.00,95.00,12.00,1
31321,MARSOULAS,31523,137.00,70.00,6.00,1
31376,MONTGAILLARD,31523,105.00,69.00,10.00,1
31562,URAU,31523,136.00,85.00,6.00,1
31591,ESCOULIS,31523,77.00,56.00,14.00,1
31011,ARBAS,31523,186.00,230.00,7.00,2
31191,FOUGARON,31523,73.00,107.00,6.00,2
31114,CASTELBIAGUE,31523,209.00,109.00,5.00,2
31183,FIGAROL,31523,236.00,129.00,13.00,2
31237,HIS,31523,178.00,102.00,5.00,2
31357,MONTASTRUC-D,31523,292.00,180.00,14.00,2
31391,MONTSAUNES,31523,379.00,180.00,10.00,2
31461,ROUEDE,31523,236.00,144.00,20.00,2
31521,SALEICH,31523,361.00,197.00,27.00,2
31554,TOUILLE,31523,204.00,137.00,11.00,2
31503,SAINT-MARTOR,31523,873.00,440.00,55.00,3
31110,CASSAGNE,31523,621.00,331.00,35.00,3
31315,MANE,31523,1026.00,570.00,38.00,3
31336,MAZERES-SUR-,31523,584.00,323.00,27.00,3
31457,ROQUEFORT-SU,31523,715.00,405.00,46.00,3
31523,SALIES-DU-SA,31523,1943.00,1164.00,99.00,4
31575,VIEILLE-TOUL,31555,894.00,341.00,18.00,3
31293,LESPINASSE,31555,1864.00,659.00,10.00,3
31516,SAINT-SAUVEU,31555,1309.00,511.00,14.00,3
31186,FONBEAUZARD,31555,2603.00,968.00,53.00,3
31205,GAGNAC-SUR-G,31555,1635.00,614.00,16.00,3
31364,MONTBERON,31555,2342.00,789.00,24.00,3
31091,BRUGUIERES,31555,3862.00,1395.00,32.00,4
31230,GRATENTOUR,31555,3035.00,1010.00,26.00,4
31490,SAINT-JORY,31555,4069.00,1490.00,67.00,4
31022,AUCAMVILLE,31555,5533.00,2278.00,77.00,4
31116,CASTELGINEST,31555,7735.00,2874.00,93.00,4
31182,FENOUILLET,31555,4028.00,1569.00,70.00,4
31467,SAINT-ALBAN,31555,5186.00,1840.00,59.00,4
31410,PECHBONNIEU,31555,2997.00,1051.00,25.00,4
31273,LAPEYROUSE-F,31561,2056.00,725.00,22.00,3
31053,BEAUPUY,31561,1095.00,372.00,6.00,3
31462,ROUFFIAC-TOL,31561,1404.00,496.00,29.00,3
31484,SAINT-GENIES,31561,1781.00,667.00,19.00,3
31497,SAINT-LOUP-C,31561,1742.00,595.00,28.00,3
31389,MONTRABE,31561,3201.00,1105.00,23.00,4
31282,LAUNAGUET,31561,5086.00,1855.00,74.00,4
31117,CASTELMAUROU,31561,3261.00,1143.00,50.00,4
31488,SAINT-JEAN,31561,8362.00,3288.00,69.00,4
31074,BONREPOS-RIQ,31573,247.00,83.00,0.00,1
31511,SAINT-PIERRE,31573,209.00,84.00,9.00,1
31215,GAURE,31573,495.00,188.00,7.00,2
31285,LAVALETTE,31573,602.00,227.00,13.00,2
31501,SAINT-MARCEL,31573,401.00,155.00,7.00,2
31573,VERFEIL,31573,2504.00,1028.00,43.00,4
31401,NOUEILLES,31582,234.00,93.00,8.00,1
31568,VARENNES,31582,198.00,76.00,4.00,1
31099,CAIGNAC,31582,188.00,90.00,2.00,1
31354,MONESTROL,31582,55.00,21.00,0.00,1
31546,SEYRE,31582,76.00,33.00,1.00,1
31243,JUZES,31582,84.00,34.00,2.00,1
31329,MAURENS,31582,169.00,72.00,6.00,1
31393,MOURVILLES-H,31582,167.00,65.00,4.00,1
31054,BEAUTEVILLE,31582,104.00,54.00,2.00,1
31137,CESSALES,31582,130.00,53.00,5.00,1
31185,FOLCARDE,31582,86.00,37.00,3.00,1
31310,LUX,31582,171.00,67.00,3.00,1
31328,MAUREMONT,31582,223.00,89.00,3.00,1
31368,MONTCLAR-LAU,31582,139.00,51.00,2.00,1
31453,RIEUMAJOU,31582,87.00,42.00,8.00,1
31485,SAINT-GERMIE,31582,86.00,37.00,1.00,1
31514,SAINT-ROME,31582,68.00,29.00,2.00,1
31519,SAINT-VINCEN,31582,99.00,36.00,3.00,1
31576,VIEILLEVIGNE,31582,174.00,88.00,5.00,1
31284,LAUZERVILLE,31582,873.00,276.00,2.00,2
31192,FOURQUEVAUX,31582,716.00,269.00,14.00,2
31249,LABASTIDE-BE,31582,664.00,249.00,9.00,2
31402,ODARS,31582,583.00,211.00,10.00,2
31380,MONTGEARD,31582,323.00,151.00,4.00,2
31262,LAGARDE,31582,239.00,120.00,16.00,2
31377,MONTGAILLARD,31582,547.00,203.00,11.00,2
31450,RENNEVILLE,31582,334.00,141.00,15.00,2
31560,TREBONS-SUR-,31582,322.00,121.00,4.00,2
31566,VALLEGUE,31582,383.00,134.00,1.00,2
31036,AUZIELLE,31582,1558.00,494.00,6.00,3
31004,AYGUESVIVES,31582,1815.00,656.00,15.00,3
31048,BAZIEGE,31582,2196.00,819.00,44.00,3
31384,MONTLAUR,31582,889.00,330.00,11.00,3
31396,NAILLOUX,31582,1237.00,472.00,63.00,3
31495,SAINT-LEON,31582,750.00,305.00,31.00,3
31037,AVIGNONET-LA,31582,1069.00,449.00,27.00,3
31210,GARDOUCH,31582,996.00,419.00,34.00,3
31374,MONTESQUIEU-,31582,846.00,357.00,19.00,3
31589,VILLENOUVELL,31582,940.00,385.00,25.00,3
31582,VILLEFRANCHE,31582,3338.00,1546.00,102.00,4
31073,BONDIGOUX,31584,320.00,142.00,6.00,2
31077,LE BORN,31584,261.00,122.00,12.00,2
31288,LAYRAC-SUR-T,31584,264.00,123.00,8.00,2
31311,LA MAGDELEIN,31584,609.00,221.00,5.00,2
31346,MIREPOIX-SUR,31584,537.00,243.00,14.00,2
31583,VILLEMATIER,31584,861.00,361.00,22.00,3
31584,VILLEMUR-SUR,31584,4929.00,2342.00,120.00,4
